{
  "train_loss": [
    0.18403950540111205,
    0.13222714070313182,
    0.11106831421572376,
    0.09985107237995787,
    0.08872390696918349,
    0.07791716964266016,
    0.06791710299110794,
    0.06050093507284752,
    0.05389945597054672,
    0.04707426285904148,
    0.04242062460390154,
    0.03557461656460722,
    0.033823587284359746,
    0.028144456635724662,
    0.025503225175611988,
    0.02537904099188874
  ],
  "train_accuracy": [
    0.9258935113571602,
    0.9483228852886103,
    0.9557518521533828,
    0.961532198974192,
    0.9664577057722055,
    0.970223072539282,
    0.974599039322641,
    0.9774281527314174,
    0.9794838394529024,
    0.9826182528698201,
    0.9844907595864203,
    0.9866482129772857,
    0.9874419929984531,
    0.9900065130668404,
    0.9904339330782382,
    0.9905967597492469
  ],
  "val_loss": [
    0.2306151550014059,
    0.14564685989454343,
    0.10780960320329469,
    0.10112814770411349,
    0.09347874822242236,
    0.09185821073494942,
    0.10347962955162948,
    0.11369801887808549,
    0.10171824435412065,
    0.10829584998182852,
    0.10363398649461573,
    0.11701270520394925,
    0.10978530770934603,
    0.12705811189480468,
    0.1137821178701324,
    0.11101697439941625
  ],
  "val_accuracy": [
    0.9035904255319149,
    0.9417743161094225,
    0.9602013677811551,
    0.962386018237082,
    0.9648556231003039,
    0.9641907294832827,
    0.9609612462006079,
    0.9592515197568389,
    0.965330547112462,
    0.9642857142857143,
    0.9635258358662614,
    0.9654255319148937,
    0.9677051671732523,
    0.9650455927051672,
    0.9680851063829787,
    0.9673252279635258
  ],
  "val_f1": [
    0.9087765383612211,
    0.944172483434777,
    0.9592920312632629,
    0.9621207372921796,
    0.9645467382493182,
    0.9644093499683217,
    0.9617277589154912,
    0.9597558038685714,
    0.9651702982349729,
    0.9639821983708209,
    0.9628342415832044,
    0.9643411104530346,
    0.9674025119196658,
    0.9641529012790306,
    0.9677860117794346,
    0.9674147928312662
  ],
  "best_epoch": 6,
  "best_val_loss": 0.09185821073494942,
  "best_val_accuracy": 0.9641907294832827
}