{
  "train_loss": [
    0.1606048584094763,
    0.09429453876867554,
    0.06829929376522625,
    0.04852888641243114,
    0.035338942958437314,
    0.027251587706878137,
    0.019864523528557464,
    0.01667646365975986,
    0.014135818723520143,
    0.011420220510744044,
    0.010551262350721223,
    0.0038409108280996,
    0.003945048074509811,
    0.0036877884025544997,
    0.0025246830852094448
  ],
  "train_accuracy": [
    0.9386346983635919,
    0.9648497923959944,
    0.9744158593177562,
    0.9821908328584222,
    0.987401286330701,
    0.9903118130749817,
    0.9928966864772449,
    0.9941382398436864,
    0.9953390865423757,
    0.99588862655703,
    0.9966620532443214,
    0.9988602133029391,
    0.9988602133029391,
    0.9987380932996824,
    0.999084099975576
  ],
  "val_loss": [
    0.14427438799127665,
    0.095586818882468,
    0.09318906688651546,
    0.08234733966866362,
    0.07362271520797635,
    0.08844078681483682,
    0.07858160818737417,
    0.09776196003381812,
    0.08435282292152377,
    0.08326363210997272,
    0.10073014104842365,
    0.10467199304198167,
    0.10222667971043574,
    0.10857122840649337,
    0.11257694944566125
  ],
  "val_accuracy": [
    0.9460486322188449,
    0.9657104863221885,
    0.9630509118541033,
    0.9688449848024316,
    0.9728343465045592,
    0.9698898176291794,
    0.972169452887538,
    0.9680851063829787,
    0.9731193009118541,
    0.9750189969604863,
    0.9717895136778115,
    0.9742591185410334,
    0.9759688449848024,
    0.9758738601823708,
    0.9761588145896657
  ],
  "val_f1": [
    0.9468738090887887,
    0.9654932855081618,
    0.9635834250241273,
    0.9688878589113867,
    0.9728493368785185,
    0.9702081367012987,
    0.9719369749955578,
    0.9683768141373426,
    0.9728869528612757,
    0.9749528982752196,
    0.9710555471885217,
    0.9741765346413171,
    0.9755901580086181,
    0.9755191362096757,
    0.9761423090120063
  ],
  "best_epoch": 5,
  "best_val_loss": 0.07362271520797635,
  "best_val_accuracy": 0.9728343465045592
}